epoch,train_loss,test_loss
1,10076.12881587608,51791.44039734508
2,9991.744874029235,51791.44039734508
