epoch,train_loss,test_loss
1,9582.149438858032,509.98877334594727
2,1644.8900289535522,224.4443359375
